,ID,seq,Label
0,P14543,ATTNGVVPADVILGTEDGAEYDDEDEDYDLATTRLGLEDVG,1
1,P14543,PADVILGTEDGAEYDDEDEDYDLATTRLGLEDVGTTPFSYK,1
2,P10493,TAKGVVSADVNLDLDDDGADYEDEDYDLVTSHLGLEDVATP,1
3,P10493,VSADVNLDLDDDGADYEDEDYDLVTSHLGLEDVATPSPSHS,1
4,P13521,ENKPYALNSEKNFPMDMSDDYETQQWPERKLKHMQFPPMYE,1
5,Q62170,PVHLRERRQVVGDDDFEDPDYTYNTDPPELLKNVTNTVAAH,1
6,P14410,IGPLVYSDQYLQISTRLPSDYIYGIGEQVHKRFRHDLSWKT,1
7,P14410,PLVYSDQYLQISTRLPSDYIYGIGEQVHKRFRHDLSWKTWP,1
8,P14410,VVRRNREAGIPFDTQVTDIDYMEDKKDFTYDQVAFNGLPQF,1
9,P14410,IPFDTQVTDIDYMEDKKDFTYDQVAFNGLPQFVQDLHDHGQ,1
10,P14410,RRWMQLGAFYPFSRNHNSDGYEHQDPAFFGQNSLLVKSSRQ,1
11,P14410,TPVLKQGADTVSAYIPDAIWYDYESGAKRPWRKQRVDMYLP,1
12,P14410,VLKQGADTVSAYIPDAIWYDYESGAKRPWRKQRVDMYLPAD,1
13,Q14242,DEAEKALGPLLARDRRQATEYEYLDYDFLPETEPPEMLRNS,1
14,Q14242,AEKALGPLLARDRRQATEYEYLDYDFLPETEPPEMLRNSTD,1
15,Q14242,ALGPLLARDRRQATEYEYLDYDFLPETEPPEMLRNSTDTTP,1
16,P07768,VVRRNREALIPFDTQVSDIDYMEDKKDFTYDRVAYNGLPDF,1
17,P07768,IPFDTQVSDIDYMEDKKDFTYDRVAYNGLPDFVQDLHDHGQ,1
18,P07768,FPDFFRNSTAEWWTREILDFYNNYMKFDGLWIDMNEPSSFV,1
19,P07768,FFRNSTAEWWTREILDFYNNYMKFDGLWIDMNEPSSFVNGT,1
20,P23739,VVRRNREAGIPYDAQVTDIDYMEDHKEFTYDRVKFNGLPEF,1
21,P23739,IPYDAQVTDIDYMEDHKEFTYDRVKFNGLPEFAQDLHNHGK,1
22,P23739,FPDFFRNSTLEWWAREIYDFYNEKMKFDGLWIDMNEPSSFG,1
23,Q16581,CIPVFVYREIFTTDNHNRCGYKFGLSSSLDYPDFYGDPLEN,1
24,Q16581,FTTDNHNRCGYKFGLSSSLDYPDFYGDPLENRSLENIVQPP,1
25,Q16581,PSASSNSFYESELPQGFQDYYNLGQFTDDDQVPTPLVAITI,1
26,O88783,NLRLRFRDVKCNRDYDNEDSYEIYEPPAPTSMTTRRIHDSL,1
27,O88783,TRRIHDSLENEFGIDNEDDDYQYLLASSLGIRSFKNSSLNP,1
28,P07589,LNLPETANSVTLSDLQPGVQYNITIYAVEENQESTPVFIQQ,1
29,P07589,TANSVTLSDLQPGVQYNITIYAVEENQESTPVFIQQETTGV,1
30,P07589,GKGEFKCDPHEATCYDDGKTYHVGEQWQKEYLGAICSCTCF,1
31,P00740,VSVSQTSKLTRAETVFPDVDYVNSTEAETILDNITQSTQSF,1
32,P05546,FHKENTVTNDWIPEGEEDDDYLDLEKIFSEDDDYIDIVDSL,1
33,P05546,EGEEDDDYLDLEKIFSEDDDYIDIVDSLSVSPTDSDVSAGN,1
34,P07359,VYKYPGKGCPTLGDEGDTDLYDYYPEEDTEGDKVRATRTVV,1
35,P07359,KYPGKGCPTLGDEGDTDLYDYYPEEDTEGDKVRATRTVVKF,1
36,P07359,YPGKGCPTLGDEGDTDLYDYYPEEDTEGDKVRATRTVVKFP,1
37,P23945,AEDNESSYSRGFDMTYTEFDYDLCNEVVDVTCSPKPDAFNP,1
38,Q06828,AQYEDDPHWWFHYLRSQQSTYYDPYDPYPYETYEPYPYGVD,1
39,Q06828,QYEDDPHWWFHYLRSQQSTYYDPYDPYPYETYEPYPYGVDE,1
40,Q06828,HWWFHYLRSQQSTYYDPYDPYPYETYEPYPYGVDEGPAYTY,1
41,Q06828,WFHYLRSQQSTYYDPYDPYPYETYEPYPYGVDEGPAYTYGS,1
42,Q06828,SQQSTYYDPYDPYPYETYEPYPYGVDEGPAYTYGSPSPPDP,1
43,Q06828,QSTYYDPYDPYPYETYEPYPYGVDEGPAYTYGSPSPPDPRD,1
44,P11276,LNLPETANSVTLSDLQPGVQYNITIYAVEENQESTPVFIQQ,1
45,P11276,TANSVTLSDLQPGVQYNITIYAVEENQESTPVFIQQETTGT,1
46,P11276,GKGEFKCDPHEATCYDDGKTYHVGEQWQKEYLGAICSCTCF,1
47,P04937,LNLPETANSVTLSDLQPGVQYNITIYAVEENQESTPVFIQQ,1
48,P04937,TANSVTLSDLQPGVQYNITIYAVEENQESTPVFIQQETTGV,1
49,P04937,GKGEFKCDPHEATCYDDGKTYHVGEQWQKEYLGAICSCTCF,1
50,Q28107,KKLRLRFRDAKCIRNDDDDSYEIIYEPSGSTAMTTKKIHDS,1
51,Q28107,LRFRDAKCIRNDDDDSYEIIYEPSGSTAMTTKKIHDSSEIE,1
52,Q28107,TTKKIHDSSEIEDENDADSDYQDELALILGLRSFRNSSLNQ,1
53,Q28107,FIPEEFNPLVVVGLSRDDGDYIEIIPRQKEESSEEDYGEFE,1
54,Q28107,DDGDYIEIIPRQKEESSEEDYGEFEFVAYNDPYQTDLRTDI,1
55,Q28107,IPRQKEESSEEDYGEFEFVAYNDPYQTDLRTDINSSRNPDN,1
56,Q28107,KEESSEEDYGEFEFVAYNDPYQTDLRTDINSSRNPDNIAAW,1
57,O62653,VVKRNRDARIPFDAQVTDIDYMEDKKDFTYNNKTFYGLPEF,1
58,O62653,EGMKYIIILDPAISGNETQDYLAFQRGIEKDVFVKWPNTQD,1
59,O62653,FPDFLKTSTAEWWATEIEDFYNTYMKFDGLWIDMNEPSSFV,1
60,O62653,FLKTSTAEWWATEIEDFYNTYMKFDGLWIDMNEPSSFVHGS,1
61,Q703F0,SVVLVVQPAPVPTPPPTPADYDEDDNDEGEGEDESLAGTPA,1
62,Q9J3M8,PHLAQRVASTVYQNCEHADNYTAYCLGISHMEPSFGLILHD,1
63,Q9J3M8,AQRVASTVYQNCEHADNYTAYCLGISHMEPSFGLILHDGGT,1
64,Q9GLP1,KKLQLKFRDVKCIRDDDEDSYEIIYEPSSSTTLTTRKMHDS,1
65,Q9GLP1,LKFRDVKCIRDDDEDSYEIIYEPSSSTTLTTRKMHDSSENK,1
66,Q9GLP1,LTTRKMHDSSENKEEENDDEYDYQDLLASVLGIRSFRNSSL,1
67,Q9GLP1,TRKMHDSSENKEEENDDEYDYQDLLASVLGIRSFRNSSLYQ,1
68,Q9GLP1,DYQDLLASVLGIRSFRNSSLYQEDDEFNLTALALENNSEFI,1
69,Q9GLP1,FIPREFNPMVVVGLSRDDGDYVEIIPRQQEENSEEDYVKID,1
70,Q9GLP1,DDGDYVEIIPRQQEENSEEDYVKIDYVEYDDPYQTDVRTDI,1
71,Q9GLP1,VEIIPRQQEENSEEDYVKIDYVEYDDPYQTDVRTDINSSRN,1
72,Q9GLP1,IPRQQEENSEEDYVKIDYVEYDDPYQTDVRTDINSSRNPDN,1
73,Q9GLP1,QEENSEEDYVKIDYVEYDDPYQTDVRTDINSSRNPDNIAAW,1
74,Q9GLP1,RSNNGNRRNYYIAAEELSWDYSKFTQREDIDDVPEHTIYKK,1
75,P13605,AQYEEDSHWWFQFLRNQQSTYDDPYDPYPYEPYEPYPYGGE,1
76,P13605,HWWFQFLRNQQSTYDDPYDPYPYEPYEPYPYGGEEGPAYAY,1
77,P13605,WFQFLRNQQSTYDDPYDPYPYEPYEPYPYGGEEGPAYAYGS,1
78,P13605,FLRNQQSTYDDPYDPYPYEPYEPYPYGGEEGPAYAYGSPPQ,1
79,P13605,NQQSTYDDPYDPYPYEPYEPYPYGGEEGPAYAYGSPPQPEP,1
80,P13605,QSTYDDPYDPYPYEPYEPYPYGGEEGPAYAYGSPPQPEPRD,1
81,P13605,DPYPYEPYEPYPYGGEEGPAYAYGSPPQPEPRDCPQECDCP,1
82,P13605,YPYEPYEPYPYGGEEGPAYAYGSPPQPEPRDCPQECDCPPN,1
83,P33438,LVLALCGAQVHAHSVGLRPDYNDYSDEDTRRDWLPEPLKPV,1
84,P33438,ALCGAQVHAHSVGLRPDYNDYSDEDTRRDWLPEPLKPVPWQ,1
85,P33438,LVFVHGEMLFDGGSEEAQPDYVLEKDVLLVSINYRLAPFGF,1
86,P33438,FATTGVPNPSSGVWPQATSEYGPFLRFTNNQQSPLELDPHF,1
87,P33438,ANWQNRPSQQHPNWHPADPEYVRAQEARQQEFIREREQRRR,1
88,P33438,RLRQQRELEERIRQQQEREQYEREQQEREQREREELERQQR,1
89,P33438,REQQQQEQLRREQQEQQEREYQLQLEREQQEREQQERGQQE,1
90,P33438,REQQEREQQERGQQEPGPEEYPSYEEYSRALQEKNAERDRI,1
91,P33438,QEREQQERGQQEPGPEEYPSYEEYSRALQEKNAERDRIYAE,1
92,P33438,EQQERGQQEPGPEEYPSYEEYSRALQEKNAERDRIYAEEQE,1
93,P33438,QQHPEQSLPEEQPTHPNYEAYDGDRSYAEEQEREQQRRDQV,1
94,P33438,SLPEEQPTHPNYEAYDGDRSYAEEQEREQQRRDQVEQEREE,1
95,P33438,SPDEEEAAEQDVLKVEDFPSYEAYLEAATKLREEQEEQEKL,1
96,P33438,EEEAAEQDVLKVEDFPSYEAYLEAATKLREEQEEQEKLEEE,1
97,P12259,KKLRLKFRDVKCIPDDDEDSYEIFEPPESTVMATRKMHDRL,1
98,P12259,MATRKMHDRLEPEDEESDADYDYQNRLAAALGIRSFRNSSL,1
99,P12259,TRKMHDRLEPEDEESDADYDYQNRLAAALGIRSFRNSSLNQ,1
100,P12259,FLSKEFNPLVIVGLSKDGTDYIEIIPKEEVQSSEDDYAEID,1
101,P12259,DGTDYIEIIPKEEVQSSEDDYAEIDYVPYDDPYKTDVRTNI,1
102,P12259,IEIIPKEEVQSSEDDYAEIDYVPYDDPYKTDVRTNINSSRD,1
103,P12259,RSNNGNRRNYYIAAEEISWDYSEFVQRETDIEDSDDIPEDT,1
104,P02751,LNLPETANSVTLSDLQPGVQYNITIYAVEENQESTPVVIQQ,1
105,P02751,TANSVTLSDLQPGVQYNITIYAVEENQESTPVVIQQETTGT,1
106,P04488,SVVLVVQPAPVPTPPPTPADYDEDDNDEGEDESLAGTPASG,1
107,P09259,PHLAQRVASTVYQNCEHADNYTAYCLGISHMEPSFGLILHD,1
108,P09259,AQRVASTVYQNCEHADNYTAYCLGISHMEPSFGLILHDGGT,1
109,P22458,AAECKPQVTRGDVFTMPEDEYGPYDYIEQTKDNASVHAQPE,1
110,P22458,CKPQVTRGDVFTMPEDEYGPYDYIEQTKDNASVHAQPESPT,1
111,P22458,PQVTRGDVFTMPEDEYGPYDYIEQTKDNASVHAQPESPTVG,1
112,P22458,ALPAHSYSGRERVYFFKGDKYWEYQFQQQPSQEECEGSSLS,1
113,P22458,AHSYSGRERVYFFKGDKYWEYQFQQQPSQEECEGSSLSAVF,1
114,P00743,SRRWAIHTSEDALDASELEHYDPADLSPTESSLDLLGLNRT,1
115,P00451,VDSCPEEPQLRMKNNEEAEDYDDDLTDSEMDVVRFDDDNSP,1
116,P00451,RNRGMTALLKVSSCDKNTGDYYEDSYEDISAYLLSKNNAIE,1
117,P00451,NRGMTALLKVSSCDKNTGDYYEDSYEDISAYLLSKNNAIEP,1
118,P00451,TALLKVSSCDKNTGDYYEDSYEDISAYLLSKNNAIEPRSFS,1
119,P00451,KRHQREITRTTLQSDQEEIDYDDTISVEMKKEDFDIYDEDE,1
120,P00451,EEIDYDDTISVEMKKEDFDIYDEDENQSPRSFQKKTRHYFI,1
121,P19427,LTLLWVLLPLVTVAWGQYGDYGYSYHQYHDYSDDGWVNLNR,1
122,P19427,SCWLTTEYPGHYGEEMDMISYNYDYYMRGATTTFSAVERDR,1
123,P19427,WLTTEYPGHYGEEMDMISYNYDYYMRGATTTFSAVERDRQW,1
124,P19427,TTEYPGHYGEEMDMISYNYDYYMRGATTTFSAVERDRQWKF,1
125,P19427,TEYPGHYGEEMDMISYNYDYYMRGATTTFSAVERDRQWKFI,1
126,Q9QZZ6,LTLLWVLLPLVTTAWGQYGGYGYPYQQYQDYGDDGWVNLNR,1
127,Q9QZZ6,SCWMTTEYPSHYGEDMDMISYDYDFYMRGATTTFSAVERDR,1
128,Q9QZZ6,WMTTEYPSHYGEDMDMISYDYDFYMRGATTTFSAVERDRQW,1
129,Q9QZZ6,TEYPSHYGEDMDMISYDYDFYMRGATTTFSAVERDRQWKFI,1
130,Q9JI03,DEIFEGDIQQLLFVSDHRAAYDYCEHYSPDCDTAVPDTPQS,1
131,Q9JI03,IFEGDIQQLLFVSDHRAAYDYCEHYSPDCDTAVPDTPQSQD,1
132,Q9JI03,DIQQLLFVSDHRAAYDYCEHYSPDCDTAVPDTPQSQDPNPD,1
133,Q9JI03,PDCDTAVPDTPQSQDPNPDEYYPEGEGETYYYEYPYYEDPE,1
134,Q9JI03,DCDTAVPDTPQSQDPNPDEYYPEGEGETYYYEYPYYEDPED,1
135,Q9JI03,PTVPETSDTAGKEDNPGIGDYDYVPTDDYYTTSPYEDFGYG,1
136,Q9JI03,VPETSDTAGKEDNPGIGDYDYVPTDDYYTTSPYEDFGYGEG,1
137,Q9JI03,TAGKEDNPGIGDYDYVPTDDYYTTSPYEDFGYGEGVENPDQ,1
138,Q9JI03,SRTRRNIDASQLLDDGAGESYVDYADGMEEIFGSLNSLKLE,1
139,Q9JI03,RRNIDASQLLDDGAGESYVDYADGMEEIFGSLNSLKLEIEQ,1
140,P45846,SCWMTTEYPGHYGEEMDMISYNYDYYMRGATTTFSAVERDR,1
141,P45846,WMTTEYPGHYGEEMDMISYNYDYYMRGATTTFSAVERDRQW,1
142,P45846,TTEYPGHYGEEMDMISYNYDYYMRGATTTFSAVERDRQWKF,1
143,P45846,TEYPGHYGEEMDMISYNYDYYMRGATTTFSAVERDRQWKFI,1
144,Q07507,LSLLWVLLPLVTMAWGQYGDYGYPYQQYHDYSDDGWVNLNR,1
145,Q07507,SCWLTTEYPGHYGEEMDMISYNYDYYIRGATTTFSAVERDR,1
146,Q07507,WLTTEYPGHYGEEMDMISYNYDYYIRGATTTFSAVERDRQW,1
147,Q07507,TTEYPGHYGEEMDMISYNYDYYIRGATTTFSAVERDRQWKF,1
148,Q07507,TEYPGHYGEEMDMISYNYDYYIRGATTTFSAVERDRQWKFI,1
149,P41597,RSRFIRNTNESGEEVTTFFDYDYGAPCHKFDVKQIGAQLLP,1
150,P26051,TSAHGENWTQEPQPPFNNHEYQDEEETPHATSTTWADPNST,1
151,P79098,VLLTEYLVVHLKSSLEAGKTYEMETTFQGELADDLAGFYRS,1
152,P79098,VTLAWWNDLWLNEGFASYVEYLGADYAEPTWNLKDLMVPND,1
153,P79171,VELTEYLVVHLQEPLVAGRQYEMNSEFQGELADDLAGFYRS,1
154,P79171,VTLEWWNDLWLNEGFASYVEYLGADFAEPTWNLKDLMVLND,1
155,P15144,VEPTEYLVVHLKGSLVKDSQYEMDSEFEGELADDLAGFYRS,1
156,P15144,VTIEWWNDLWLNEGFASYVEYLGADYAEPTWNLKDLMVLND,1
157,P15144,WNDLWLNEGFASYVEYLGADYAEPTWNLKDLMVLNDVYRVM,1
158,P15144,GGSFSFSNLIQAVTRRFSTEYELQQLEQFKKDNEETGFGSG,1
159,P97449,VERTEYLVVHLQGSLVEGRQYEMDSQFQGELADDLAGFYRS,1
160,P97449,VTVAWWNDLWLNEGFASYVEYLGADYAEPTWNLKDLMVLND,1
161,P97449,WNDLWLNEGFASYVEYLGADYAEPTWNLKDLMVLNDVYRVM,1
162,P15145,VELTEYLVVHLKGSLQPGHMYEMESEFQGELADDLAGFYRS,1
163,P01190,EQARGPEAQAESAAARAELEYGLVAEAEAEAAEKKDSGPYK,1
164,P0C0L5,LQIEVTVKGHVEYTMEANEDYEDYEYDELPAKDDPDAPLQP,1
165,P0C0L5,EVTVKGHVEYTMEANEDYEDYEYDELPAKDDPDAPLQPVTP,1
166,P0C0L5,TVKGHVEYTMEANEDYEDYEYDELPAKDDPDAPLQPVTPLQ,1
167,P0C0L4,LQIEVTVKGHVEYTMEANEDYEDYEYDELPAKDDPDAPLQP,1
168,P0C0L4,EVTVKGHVEYTMEANEDYEDYEYDELPAKDDPDAPLQPVTP,1
169,P0C0L4,TVKGHVEYTMEANEDYEDYEYDELPAKDDPDAPLQPVTPLQ,1
170,O88207,DEIFEGDIQQLLFVSDNRAAYDYCEHYSPDCDTAVPDTPQS,1
171,O88207,IFEGDIQQLLFVSDNRAAYDYCEHYSPDCDTAVPDTPQSQD,1
172,O88207,DIQQLLFVSDNRAAYDYCEHYSPDCDTAVPDTPQSQDPNPD,1
173,O88207,PDCDTAVPDTPQSQDPNPDEYYPEGEGETYYYEYPYYEDPE,1
174,O88207,DCDTAVPDTPQSQDPNPDEYYPEGEGETYYYEYPYYEDPED,1
175,O88207,SRTRRNIDASQLLDDGAGESYVDYADGMEEIFGSLNSLKLE,1
176,O88207,RRNIDASQLLDDGAGESYVDYADGMEEIFGSLNSLKLEIEQ,1
177,Q60467,DEIFEGDIQQLLFVSDHRAAYDYCEHYSPDCDTAVPDTPQS,1
178,Q60467,IFEGDIQQLLFVSDHRAAYDYCEHYSPDCDTAVPDTPQSQD,1
179,Q60467,DIQQLLFVSDHRAAYDYCEHYSPDCDTAVPDTPQSQDPNPD,1
180,Q60467,PDCDTAVPDTPQSQDPNPDEYYPEGDGETYYYEYPYYEDPE,1
181,Q60467,DCDTAVPDTPQSQDPNPDEYYPEGDGETYYYEYPYYEDPED,1
182,Q60467,TPQSQDPNPDEYYPEGDGETYYYEYPYYEDPEDLGKEPAPT,1
183,Q60467,SRTRRNIDASQLLDDGAGESYLDYADGMEEIFGSLNSLKLE,1
184,Q60467,RRNIDASQLLDDGAGESYLDYADGMEEIFGSLNSLKLEIEQ,1
185,P20908,EEVFEGDIQQLLFVSDHRAAYDYCEHYSPDCDTAVPDTPQS,1
186,P20908,VFEGDIQQLLFVSDHRAAYDYCEHYSPDCDTAVPDTPQSQD,1
187,P20908,DIQQLLFVSDHRAAYDYCEHYSPDCDTAVPDTPQSQDPNPD,1
188,P20908,PDCDTAVPDTPQSQDPNPDEYYTEGDGEGETYYYEYPYYED,1
189,P20908,DCDTAVPDTPQSQDPNPDEYYTEGDGEGETYYYEYPYYEDP,1
190,P20908,APMPETSEGAGKEEDVGIGDYDYVPSEDYYTPSPYDDLTYG,1
191,P20908,MPETSEGAGKEEDVGIGDYDYVPSEDYYTPSPYDDLTYGEG,1
192,P20908,GAGKEEDVGIGDYDYVPSEDYYTPSPYDDLTYGEGEENPDQ,1
193,P20908,AGKEEDVGIGDYDYVPSEDYYTPSPYDDLTYGEGEENPDQP,1
194,P20908,GADDLEGEFTEETIRNLDENYYDPYYDPTSSPSEIGPGMPA,1
195,P20908,ADDLEGEFTEETIRNLDENYYDPYYDPTSSPSEIGPGMPAN,1
196,P20908,LEGEFTEETIRNLDENYYDPYYDPTSSPSEIGPGMPANQDT,1
197,P20908,EGEFTEETIRNLDENYYDPYYDPTSSPSEIGPGMPANQDTI,1
198,P20908,SRTRRNIDASQLLDDGNGENYVDYADGMEEIFGSLNSLKLE,1
199,P20908,RRNIDASQLLDDGNGENYVDYADGMEEIFGSLNSLKLEIEQ,1
201,Q06518,LNLSEEQVEDYFFQLKSQKRYHEDIFGAVFSYGAKKGNTLE,0
202,O88572,VLQLEDIRHAIAIDYDPVEGYIYWTDDEVRAIRRSFIDGSG,0
203,P21817,RKLFWGIFDSLAHKKYDPELYRMAMPCLCAIAGALPPDYVD,0
204,Q99JB6,RHLWGSHGNSSFPEFFHNMDYFKYHNMRPPFTYATLIRWAI,0
205,P63000,NLGLWDTAGQEDYDRLRPLSYPQTDVFLICFSLVSPASFEN,0
206,Q07257,SYRLESQQSSRRRKRALDAAYCFRNVQDNCCLRPLYIDFKR,0
207,P09416,PELENNEKAPKVVILKKATAYILSVQADEHKLISEKDLLRK,0
208,P13569,SWIMPGTIKENIIFGVSYDEYRYRSVIKACQLEEDISKFAE,0
209,P48025,HKKPAPPQGSRPESTVSFNPYEPTGGPWGPDRGLQREALPM,0
210,P42859,NYCLLDSDQVFIGFVLKQFEYIEVGQFRESEAIIPNIFFFL,0
211,P60010,KSNREKMTQIMFETFNVPAFYVSIQAVLSLYSSGRTTGIVL,0
212,Q38882,EPQRCWEDIFDAISNAKHLIYITGWSVYAEIALVRDSRRPK,0
213,P02829,IKLGVHEDTQNRAALAKLLRYNSTKSVDELTSLTDYVTRMP,0
214,P31016,SQGREDSVLSYETVTQMEVHYARPIIILGPTKDRANDDLLS,0
215,P49768,FVPVTLCMVVVVATIKSVSFYTRKDGQLIYTPFTEDTETVG,0
216,P02647,DRVKDLATVYVDVLKDSGRDYVSQFEGSALGKQLNLKLLDN,0
217,P42345,AGVLEYAMKHFGELEIQATWYEKLHEWEDALVAYDKKMDTN,0
218,Q60953,LEAVLQRIRTSGALVKRMKLYASDQEVLDMHSFLRKALCSL,0
219,P09416,YLQDLTAAASECIDPSVVFPYPLNDSSSPKSCTSSDSTAFS,0
220,P48025,GPWGPDRGLQREALPMDTEVYESPYADPEEIRPKEVYLDRS,0
221,P42859,LNKVIKALMDSNLPRLQLELYKEIKKNGAPRSLRAALWRFA,0
222,P08050,FEVAFLLIQWYIYGFSLSAVYTCKRDPCPHQVDCFLSRPTE,0
223,P14713,EQSGESGKSFDYSQSLKTTTYGSSVPEQQITAYLSRIQRGG,0
224,P39001,NINRGEDPFATSSRPSTGFFYGDLPNRNNRNSPFHTNEQYI,0
225,P19524,YLNEPAVLHAIKQRYSQLNIYTYSGIVLIATNPFDRVDQLY,0
226,P29066,VDPVDGVVLVDPEYLKERRVYVTLTCAFRYGREDLDVLGLT,0
227,P39940,TNTATTSHRSTNSTSSATRQYSSFEDQYGRLPPGWERRTDN,0
228,P08050,ISILFKSVFEVAFLLIQWYIYGFSLSAVYTCKRDPCPHQVD,0
229,P08238,SAYLVAEKVVVITKHNDDEQYAWESSAGGSFTVRADHGEPI,0
230,Q0VGT2,SDASLDLQRMIRTSPNSLVAYINNSRSSSAASGSYGHLSAG,0
231,Q05030,KPRYEIRWKVIESVSSDGHEYIYVDPVQLPYDSTWELPRDQ,0
232,P97471,KGEGDVWVRCLSDHAVFVQSYYLDREAGRAPGDAVHKIYPS,0
233,Q62689,YGQLHETEVLLKVLDKAHRNYSESFFEAASMMSQLSHKHLV,0
234,P31809,TSNNSNPVEGDDSVSLTCDSYTDPDNINYLWSRNGESLSEG,0
235,Q8R418,KETPFVFKLEDYQDAVIIPRYRNFDQPHRFYVADVYTDLTP,0
236,P35169,NVRIDGSILGSGSLTINGNRYPLELIQRHVVPAIKGFFHSI,0
237,P32944,IISSHHSTRKNPQPYQFRGRYDNDTDEEISTPTRRKSIIGA,0
238,P06213,YNLMNITRGSVRIEKNNELCYLATIDWSRILDSVEDNYIVL,0
239,P06804,LLANGMDLKDNQLVVPADGLYLVYSQVLFKGQGCPDYVLLT,0
240,Q42510,DAKARMATITIFTIANKYGDYIRTGWRNILDCILRLHKLGL,0
241,P22082,RVLIFFQMTQIMDIMEDFLRYINIKYLRLDGHTKSDERSEL,0
242,P42858,LNKVIKALMDSNLPRLQLELYKEIKKNGAPRSLRAALWRFA,0
243,P84022,PPVLVPRHTEIPAEFPPLDDYSHSIPENTNFPAGIEPQSNI,0
244,P14180,TESHKIFVDIVISLLSTYGLYFFSSLMYLDPWHMFTSSIQY,0
245,P53550,VRNEIDKIEWFDFKKISKTMYKSNIKYYLINSMMRPLSMWL,0
246,P29476,SIQMPATLLLTQLSLLQPRYYSISSSPDMYPDEVHLTVAIV,0
247,Q07008,PASRSPKCFNNGTCVDQVGGYTCTCPPGFVGERCEGDVNEC,0
248,P10721,GTYTFLVSNSDVNAAIAFNVYVNTKPEILTYDRLVNGMLQC,0
249,Q01159,GSQPVSFQHSDVEEKLLAHDYYVCEKTDGLRVLMFIVINPV,0
250,P05532,KPMYEVQWKVVEEINGNNYVYIDPTQLPYDHKWEFPRNRLS,0
251,Q09472,FAFEEIDGVDLCFFGMHVQEYGSDCPPPNQRRVYISYLDSV,0
252,Q01705,DDCPGNNCKNGGACVDGVNTYNCRCPPEWTGQYCTEDVDEC,0
253,Q9WUD9,VNNTEGDWWLAHSLSTGQTGYIPSNYVAPSDSIQAEEWYFG,0
254,Q8W4J9,NIGSQIVGGSWLDDNSLNSVYRILSLSYEDLPTHLKHCFLN,0
255,P34058,TANMERIMKAQALRDNSTMGYMMAKKHLEINPDHPIVETLR,0
256,P06786,KKYNSVNEILSEFYYVRLEYYQKRKDHMSERLQWEVEKYSF,0
257,P08592,WESDPSGTKTCIGTKEGILQYCQEVYPELQITNVVEANQPV,0
258,P32657,RDNGTRQSSNPSSGSAHEKEYDSMDEEDCRHTMSAIRTSLK,0
259,P53064,SLPEMERETLLFERSQIMQKYQERKLFRARGRDMKEQQQRA,0
260,P30543,GEGRVTCLFEDVVPMNYMVYYNFFAFVLLPLLLMLAIYLRI,0
261,P10591,EEDEKESQRIASKNQLESIAYSLKNTISEAGDKLEQADKDT,0
262,P25847,AFIDTTAYKVGMLDIVDNEVYSNLESFLIQLGVKECLVQDL,0
263,Q03834,PRTLYIPSSAWNKFTPFEKQYWEIKSKMWDCIVFFKKGKFF,0
264,Q00987,TYTMKEVLFYLGQYIMTKRLYDEKQQHIVYCSNDLLGDLFG,0
265,P49687,KSNPYPQISESSLLFKDALDYMEKTSSDYNLWKLSSILFDP,0
266,P21802,YDINRVPEEQMTFKDLVSCTYQLARGMEYLASQKCIHRDLA,0
267,Q04887,SEQQQHSPQQISYSPFNLPHYSPSYPPITRSQYDYADHQNS,0
268,P29066,VDPEYLKERRVYVTLTCAFRYGREDLDVLGLTFRKDLFVAN,0
269,Q12158,ESAKEIAKASGCDDESGDNEYITLRTSGELLQGIVRVYSKQ,0
270,P19524,DTSIIGARIRTYLLERSRLVYQPPIERNYHIFYQLMAGLPA,0
271,P33892,TLEKPQLSEIAFVLLNTFTIYEDNRSKSLVTSILLDILNLE,0
272,P42858,VLECDLLDDTAKQLIPVISDYLLSNLKGIAHCVNIHSQQHV,0
273,P15884,GSWGNGGHPSPSRNYGDGTPYDHMTSRDLGSHDNLSPPFVN,0
274,P38351,SLNTGIFRPVELEEDEWISMYATDHKDSAILENELEKGMDE,0
275,Q8WZ42,KCAVAKSTHHVVSGLRENSEYFFRVFAENQAGLSDPRELLL,0
276,Q8WZ42,NAATVSWTLPKSDGGSPITGYYMERREVTGKWVRVNKTPIA,0
277,P08018,GCQSYMAPERIKSLNPDRATYTVQSDIWSLGLSILEMALGR,0
278,Q13315,QALQNLGLCHILSVYLKGLDYENKDWCPELEELHYQAAWRN,0
279,Q04690,FAYDNVSAVYIYNCNSWVREYTKYHERLLTGLKGSKRLIFI,0
280,Q925J9,LKGLVNLYNLPGDNKLKTKMYLALQSLEQDLSKMAIMYWKA,0
281,P14713,DAGYPGAAALGDAVCGMAVAYITKRDFLFWFRSHTAKEIKW,0
282,P20789,LGSLALSDLLILLLAMPVELYNFIWVHHPWAFGDAGCRGYY,0
283,Q08162,GTIESAQAETEALLLEHDVEYRPFSKKVLECLPAEGHDWKA,0
284,Q9QUK6,VKFHCLANVSAMSLAGVSIKYLEDVPKHFKWQSLSIIRCQL,0
285,O35625,TEIQSTMEENTYPSFLKSDIYLEYTRTGSESPKVCSDQSSG,0
286,Q08162,CRNINRKHRNAQFAGRASIEYYVGQVMRNNESTETGYVIKV,0
287,Q9LJL3,PEALRCVPSLNLGDIPKEPTYVPTEVGDINGVKVLRHDLFT,0
288,P32598,LRLFEYGGFPPESNYLFLGDYVDRGKQSLETICLLLAYKIK,0
289,Q8W4J9,CFLNLAHFPEDSEISTYSLFYYWAAEGIYDGSTIEDSGEYY,0
290,P06782,NRISIHEIMQDDWFKVDLPEYLLPPDLKPHPEEENENNDSK,0
291,Q12809,ILHYSPFKAVWDWLILLLVIYTAVFTPYSAAFLLKETEEGP,0
292,Q8WZ42,KTENKITLSIKNAKKEHGGKYTVILDNAVCRIAVPITVITL,0
293,P22953,SDMKLWPFKIQAGPADKPMIYVEYKGEEKEFAAEEISSMVL,0
294,Q62600,KISASLMGTVMAKRVKATILYGSETGRAQSYAQQLGRLFRK,0
295,Q8WZ42,GEYTCIVSNEAGKASCTTHLYIKAPAKFVKRLNDYSIEKGK,0
296,Q62765,TIAVGASLLFLNILAFAALYYKKDKRRHDVHRRCSPQRTTT,0
297,P21817,ICTVDYLLRLQESISDFYWYYSGKDVIEEQGKRNFSKAMSV,0
298,Q9LX99,VNTSDDTLSNPKKDFEFDRVYGPHVGQAALFSDVQPFVQSA,0
299,P35670,KLQGVVRVKVSLSNQEAVITYQPYLIQPEDLRDHVNDMGFE,0
300,P08592,PQDPVKLPTTAASTPDAVDKYLETPGDENEHAHFQKAKERL,0
301,P32114,ADTFTQQQLEALDRVFERPSYPDVFQASEHIKSEQGNEYSL,0
302,P42697,LETELSRLGKPIAADAGGKLYSIMEICRLFDQIFKEHLDGV,0
303,P25304,CDRVTCDGSYRPVCAQDGHTYNNDCWRQQAECRQQRAIPPK,0
304,Q8WZ42,NTSGVLTLEILDCHTDDSGTYRAVCTNYKGEASDYATLDVT,0
305,Q01279,SDVWSYGVTVWELMTFGSKPYDGIPASDISSILEKGERLPQ,0
306,Q04690,IGAVGSAMFLRFINPAIVSPYEAGILDKKPPPRIERGLKLM,0
307,O48963,MGIKKKSESLDESIDDGFIEYGEEDDEISDRDERPESVDDK,0
308,P42346,RIVSIKLLAAIQLFGANLDDYLHLLLPPIVKLFDAPEVPLP,0
309,P35187,AAILPMNDSAFATLGTVEDKYRRRFKYFKATIADLSKKRSS,0
310,P21333,LTETYVQDRGDGMYKVEYTPYEEGLHSVDVTYDGSPVPSSP,0
311,Q9WUD9,NAKGLNVKHYKIRKLDSGGFYITSRTQFNSLQQLVAYYSKH,0
312,P07949,HVIKLYGACSQDGPLLLIVEYAKYGSLRGFLRESRKVGPGY,0
313,P35498,YLKDVNGTTSGIGTGSSVEKYIIDESDYMSFINNPSLTVTV,0
314,P21333,GSCSVEYIPYEAGTYSLNVTYGGHQVPGSPFKVPVHDVTDA,0
315,P32563,HGDLIIKRIRKIAESLDANLYDVDSSNEGRSQQLAKVNKNL,0
316,P61168,FVVYSSIVSFYVPFIVTLLVYIKIYIVLRKRRKRVNTKRSS,0
317,P47811,KTIWEVPERYQNLSPVGSGAYGSVCAAFDTKTGHRVAVKKL,0
318,P35222,ALGMDPMMEHEMGGHHPGADYPVDGLPDLGHAQDLMDGLPP,0
319,Q04002,IKLDYFSILHAFELLNLYDPYLKLILSLLAKDKIKLRSTAI,0
320,P04637,VQLWVDSTPPPGTRVRAMAIYKQSQHMTEVVRRCPHHERCS,0
321,P70600,IGVLEKGDRLPKPELCPPVLYTLMTRCWDYDPSDRPRFTEL,0
322,P51787,HRQELITTLYIGFLGLIFSSYFVYLAEKDAVNESGRVEFGS,0
323,Q8WZ42,MQRNLCTLELFSVNRKDSGDYTITAENSSGSKSATIKLKVL,0
324,Q8RVL2,TSRASHLGLLYLGSLVVLLAYSVLYGLTARESRWLGGITSA,0
325,P61980,PPPRGGDLMAYDRRGRPGDRYDGMVGFSADETWDSAIDTWS,0
326,Q8RVL2,YVCRVYPREMRYSVNGQWRGYSAGGCQDYSSWHQNPQFRLR,0
327,P35355,QKRGPGFTRGLGHGVDLNHVYGETLDRQHKLRLFQDGKLKY,0
328,Q8WZ42,GESVTLECHISGYPSPTVTWYREDYQIESSIDFQITFQSGI,0
329,O15118,TMGINGSAYRVFPYSVFYVFYEQYLTIIDDTIFNLGVSLGA,0
330,P19490,AEIAKHVGYSYRLEIVSDGKYGARDPDTKAWNGMVGELVYG,0
331,Q38882,PESGSVQAILDWQRRTMEMMYKDVIQALRAQGLEEDPRNYL,0
332,Q8WZ42,IVAESKVCNAVVTGLSSGQEYQFRVKAYNEKGKSDPRVLGV,0
333,P04150,IGNKMSAISVHGVSTSGGQMYHYDMNTASLSQQQDQKPIFN,0
334,P20607,GYNQEICLLKICSGLLEFRFYLEFVKNNLQDNKKDKARVIQ,0
335,Q8WZ42,RENAKVKWFKDGAEIKKGKKYDIISKGAVRILVINKCLLDD,0
336,P32563,SSNEGRSQQLAKVNKNLSDLYTVLKTTSTTLESELYAIAKE,0
337,C0LGT6,GSTIPQKVGRLFRLQYLNMSYNLLEGRIPSSLSNCSRLSTV,0
338,P61589,LIVFSKDQFPEVYVPTVFENYVADIEVDGKQVELALWDTAG,0
339,Q03834,IISSEYFSTEEDWPEVLKSYYDTGKKVGFSAFGGLLYYLKW,0
340,P98161,STSDYDVGWESPHNGSGTWAYSAPDLLGAWSWGSCAVYDSG,0
341,Q64729,VAVKIFSSREERSWFREAEIYQTVMLRHENILGFIAADNKD,0
342,Q9SWW6,QSWGPLFGKLFFSFWVIVHLYPFLKGLMGRQNRTPTIVVIW,0
343,O35346,WIIMELCTLGELRSFLQVRKYSLDLASLILYAYQLSTALAY,0
344,Q9FR53,LPTVQDRLLDCISLVLSKSHYSQAKPPVTIVRGSTVGMAPQ,0
345,Q02792,VAWVLMYYYQGCASWNWFYPYHYAPLATDFHGFSHLEIKFE,0
346,P21803,NNVMKIADFGLARDINNIDYYKKTTNGRLPVKWMAPEALFD,0
347,Q9FE20,LAKLGPTGDKSHVSTRVMGTYGYCAPEYAMTGQLTVKSDVY,0
348,Q9QUK6,SVSVVSVIVVSTVAFLIYHFYFHLILIAGCKKYSRGESIYD,0
349,P11938,LIKTKVLPPSIKRKFSADEDYTLAIAVKKQFYRDLFQIDPD,0
350,Q8WZ42,SKALVPGNIFKSSGLTDGIAYEFRVIAENMAGKSKPSKPSE,0
351,P21817,TTWFSKGLPQFEPVPLEHPHYEVSRVDGTVDTPPCLRLTHR,0
352,Q2LAE1,YIGGDPLNGDVIIQSDSDEEYPELVILDDDESGEGILGATS,0
353,Q99J82,MTARISMADVKFSFQCPGRMYAPAWVAPEALQKKPEDTNRR,0
354,P32597,DYFLDLPDTKNDNTTAIEVDYSEKKPIKISADFNAKAKSLG,0
355,P38631,ARYISTGRGFATSRIPFSILYSRFAGSAIYMGARSMLMLLF,0
356,P06213,GGRDGGSSLGFKRSYEEHIPYTHMNGGKKNGRILTLPRSNP,0
357,P33535,NFLVMYVIVRYTKMKTATNIYIFNLALADALATSTLPFQSV,0
358,P19491,NDTSGLENKTVVVTTILESPYVMMKKNHEMLEGNERYEGYC,0
359,Q14524,VFTGIFTAEMTFKIIALDPYYYFQQGWNIFDSIIVILSLME,0
360,Q9JLN9,RSWYKAWHAWAVMNFEAVLHYKHQNQARDEKKKLRHASGAN,0
361,Q9SZJ5,AMIFFRKGVKEINKQGKEVLYDFEDKINQAVFPGLQGGPHN,0
362,P18901,ILNLCVISVDRYWAISSPFQYERKMTPKAAFILISVAWTLS,0
363,P27782,ARKERQLHMQLYPGWSARDNYGKKKKRKREKLQESTSGTGP,0
364,Q8WZ42,DVLGSTSLFVRDATRDHRGVYTVEAKNASGSAKAEIKVKVQ,0
365,Q5S006,DHRPVIELPHCENSEIIIRLYEMPYFPMGFWSRLINRLLEI,0
366,Q925J9,AFVQKLQNCTGIPLFETPPTYLPLYELITQFELSKDPDPLP,0
367,Q62600,ALMEMSGPYNSSPRPEQHKSYKIRFNSVSCSDPLVSSWRRK,0
368,Q8RWE8,RIDHKSLLLAVHMAAEAANPYFRLGYNSLGAFATINHLHFQ,0
369,P00451,QVTVQEFALFFTIFDETKSWYFTENMERNCRAPCNIQMEDP,0
370,P49817,SFDGIWKASFTTFTVTKYWFYRLLSTIFGIPMALIWGIYFA,0
371,P16892,DLHRVISTQMLSDDHIQYFIYQTLRAVKVLHGSNVIHRDLK,0
372,O15118,KKARLIASNVTETMGINGSAYRVFPYSVFYVFYEQYLTIID,0
373,Q8WZ42,TIPKLLEGHEYVFRIMAQNKYGIGEPLDSEPETARNLFSVP,0
374,Q8RVL2,SSAVCLMIFSVVLVAFCGTSYLEVVKSRDDQLPTKGDFLAA,0
375,Q9JLN9,GRLIHQLLTDIGRYHPQALIYPLTVASKSTTTARHNAANKI,0
376,Q8WZ42,LSATSKKKSHFAKHLNEGNQYLFRVAAENQYGRGPFVETPK,0
377,Q43125,SSSSGRRERSGGIVPEWSPGYSEQFPSEENGIGGGSTTSSY,0
378,P29476,PNNSLISNDRSWKRNKFRLTYVAEAPDLTQGLSNVHKKRVS,0
379,P22082,RWQHLRNEHGMNAPSVPEFIYLTKVLQFAAKQRQELQMQRQ,0
380,P01120,EEYSAMREQYMRNGEGFLLVYSITSKSSLDELMTYYQQILR,0
381,Q9FHN8,NAKTLMFVNVSPAESNLDETYNSLLYASRVRTIVNDPSKHI,0
382,O80673,SCLQYKKLDFEEFCASALSVYQLEAMETWEQHARRAYELFE,0
383,P47196,GELFFHLSRERVFSEDRARFYGAEIVSALDYLHSEKNVVYR,0
384,P04637,AAPAPAPSWPLSSSVPSQKTYQGSYGFRLGFLHSGTAKSVT,0
385,O08586,EVRTRDKKGVTIPSQRRYVYYYSYLLKNHLDYRPVALLFHK,0
386,Q61602,TMDADANLNDEDLLPDDVVQYLNSQNQTGYGQQLQSGISED,0
387,P25694,DEIKEELKETVEYPVLHPDQYTKFGLSPSKGVLFYGPPGTG,0
388,P98161,ASFLASFLGWEPLKVLLEALYFSLVAKRLHPDEDDTLVESP,0
389,Q00955,KYSNGLEAHEHSIFVHFLEEYYEVEKLFNGPNVREENIILK,0
390,P00451,MVTFRNQASRPYSFYSSLISYEEDQRQGAEPRKNFVKPNET,0
391,P11416,NSSSCPTPGGGHLNGYPVPPYAFFFPPMLGGLSPPGALTSL,0
392,P25304,GALWLGGLQKLPVGQALPKAYGTGFVGCLRDVVVGHRQLHL,0
393,Q02890,DQIKEEDLKFLCQFITKRLRYSLNDDEIYQLACRDEQEQIE,0
394,P60484,FLDSKHKNHYKIYNLCAERHYDTAKFNCRVAQYPFEDHNPP,0
395,P06782,HETAKQHARRMASAITQQRTYHQSPFMDQYKEEDSTVSILP,0
396,O15118,ASYDNETVTLQDICLAPLSPYNTNCTILSVLNYFQNSHSVL,0
397,Q07257,PEASASPCCVSQDLEPLTILYYIGNTPKIEQLSNMIVKSCK,0
398,P15442,IYVPNMATRSKKANKREKWVYEDAARNSSNMILHNLSNAPI,0
399,Q13315,KVSETFGYRRLEDFMASHLDYLVLEWLNLQDTEYNLSSFPF,0
400,Q5S006,MLSGRERALRPNRMYWRQGIYLNWSPEAYCLVGSEVLDNRP,0
401,P93025,IKDDQGNTIKFIGMQVEVSKYTEGVNDKALRPNGLSKSLIR,0
402,P33748,KSTNNASGSGANQYTTLTSPYPMNDILYNMNNPLQSPSPSS,0
403,Q13501,LLSRVAALFPALRPGGFQAHYRDEDGDLVAFSSDEELTMAM,0
404,P36895,FNSDTNEVDIPLNTRVGTKRYMAPEVLDESLNKNHFQPYIM,0
405,P14713,FHEDEHGEVVAESKRDDLEPYIGLHYPATDIPQASRFLFKQ,0
406,Q62689,KFSVASDVWSFGVVLYELFTYIEKSKSPPVEFMRMIGNDKQ,0
407,O35565,RSYNHLQGDVRWRRLFSFTKYFLTIEKNGKVSGTKNEDCPY,0
408,P42346,VMEVLREHKDSVMAVLEAFVYDPLLNWRLMDTNAKGNKRSR,0
409,P47196,RVFSEDRARFYGAEIVSALDYLHSEKNVVYRDLKLENLMLD,0
410,P22082,ESESAAVYNGRGARERKTATYNDNMSEEQWLRQFEVSDDEK,0
411,P46309,LSGAPLETLHQTCAEVNSHLYQVKAVAEEMGIGFLGIGFQP,0
412,P14180,MSTTSTTAPSLAEADDEKEKYLTSTTSYDDQSTIFSADTFN,0
413,P34058,KEIFLRELISNASDALDKIRYESLTDPSKLDSGKELKIDII,0
414,Q8WZ42,IAKGEERWKRCNEHLVPILTYTAKGLEEGKEYQFRVRAENA,0
415,Q8WZ42,STITLDWKEPRSNGGSPIQGYIIEKRRHDKPDFERVNKRLC,0
416,Q8WZ42,RDGNHLYLKIKNAMPEDIAEYAVEIEGKRYPAKLTLGEREV,0
417,Q04089,YTRSIHPQANKLKHYKAFSNYVYGELLPNFLSDVYQQCQLK,0
418,Q9LKZ3,VRINGMVERLQLSQQIRESVYCFFQHVLAQRTSLLFSRHID,0
419,P19097,LSRLISSKMPGGFTITVARKYLQTRWGLPSGRQDGVLLVAL,0
420,P39688,SDVWSFGILLTELVTKGRVPYPGMNNREVLEQVERGYRMPC,0
421,P32561,CFETGLLNNVVLDKDLPYNEYYEYYGPDYKLSVRPSNMFNV,0
422,Q8WZ42,PELEPLHLRYGQEQWEEGDLYDKEKQQKPFFKKKLTSLRLK,0
423,P19524,NEPAVLHAIKQRYSQLNIYTYSGIVLIATNPFDRVDQLYTQ,0
424,Q94AG2,NLLRLRGFCMTPTERLLVYPYMANGSVASCLRERPPSQPPL,0
425,P42345,VNTLLANDPTSLRKNLSIQRYAVIPLSTNSGLIGWVPHCDT,0
426,P16862,FRIPMVLIPATLSNNVPGTEYSLGSDTALNALMEYCDVVKQ,0
427,Q8WZ42,IENEAGQDICEALVSVLEPPYFIEPLEHVEAVIGEPATLQC,0
428,P32597,EQPEITIPKPRSSAQLEQLLYRYRAIQNHPKENKLEIKAIE,0
429,Q14524,NQQKKKLGGQDIFMTEEQKKYYNAMKKLGSKKPQKPIPRPL,0
430,Q70DU8,LKPSELAPASSALLTKLLEQYLDPSAVRVVEGAVTETSALL,0
431,P01120,SILDILDTAGQEEYSAMREQYMRNGEGFLLVYSITSKSSLD,0
432,C0LGT6,RSLTPAEKLNIAIDVASALEYLHVHCHDPVAHCDIKPSNIL,0
433,O35433,LPMESTPHKCRGSACKPGNSYNSLYSTCLELFKFTIGMGDL,0
434,Q00955,LANWRGFSGGQRDMFNEVLKYGSFIVDALVDYKQPIIIYIP,0
435,P61980,AYEPQGGSGYDYSYAGGRGSYGDLGGPIITTQVTIPKDLAG,0
436,O35625,EMQESIQVNGRVPLPHIPRTYRMPKEIRVEPQKFAEELIHR,0
437,P06786,FDPHGKIKKYNSVNEILSEFYYVRLEYYQKRKDHMSERLQW,0
438,P42859,LLMHETQPPSHFSVSTITRIYRGYSLLPSITDVTMENNLSR,0
439,F4IIM1,CRILSSNYTMELKGDAAELCYVLFANTRIRSTVAAARCVEP,0
440,Q9S814,CIHRVLDLSLMESRPELWGKYTYVLNRLQGVIDPAFSKLRT,0
441,Q99315,NLIVKKKKCKFASEETEFLGYSIGIQKIAPLQHKCAAIRDF,0
442,Q04690,AIISSSSEFPSQLRSVCHCLYQATCHSLLNKATVKERKENK,0
443,P22147,KHINVGIPVKFEARHQKVLGYARRNPRGWEYSNLTLNLLKE,0
444,P29295,KLESIRSRHPQLDYESRVYRYLSGGVGIPFIRWFGREGEYN,0
445,Q8WZ42,FKNNTLVLQVRKAGMNDAGLYTCKVSNDAGSALCTSSIVIK,0
446,Q06826,DFSDVGWNDWIVAPPGYQAFYCHGDCPFPLADHLNSTNHAI,0
447,P34760,PTFKKTAVVDGVFDEVSLDKYKGKYVVLAFIPLAFTFVCPT,0
448,Q8W4J9,VDTEEPIHVPNVLKEMIQLRYLSLPLKMDDKTKLELGDLVN,0
449,P38398,LGTVRTLRTKQRIQPQKTSVYIELGSDSSEDTVNKATYCSV,0
450,P16862,DDKTISDTAAVVGVKGSHVVYNSIRQLYDYETEVSMRMPKV,0
451,P00519,HNGEWCEAQTKNGQGWVPSNYITPVNSLEKHSWYHGPVSRN,0
452,Q8WZ42,PKREPQPIKEVTIMEEKERAYTLEEEAVSVQREEEYEEYEE,0
453,Q5S006,LKEIPPEIGCLENLTSLDVSYNLELRSFPNEMGKLSKIWDL,0
454,P22953,SEDEEHKKKVEAKNALENYAYNMRNTIQDEKIGEKLPAADK,0
455,Q61483,NKKADFHGDHGAEKSSFKVRYPTVDYNLVRDLKGDEATVRD,0
456,P97333,NYDTPELRTFSPLSTRFIRIYPERATHSGLGLRMELLGCEV,0
457,C0LGQ5,KLLDWEARLRIAVGLAQGVEYLHHDCVPPIVHRDIKSSNVL,0
458,P08581,ETPIQNVILHEHHIFLGATNYIYVLNEEDLQKVAEYKTGPV,0
459,P08238,TALLSSGFSLEDPQTHSNRIYRMIKLGLGIDEDEVAAEEPN,0
460,O88898,RGRETYEMLLKIKESLELMQYLPQHTIETYRQQQQQQHQHL,0
461,Q8WZ42,HKGSIKETHYMVDRCVENQIYEFRVQTKNEGGESDWVKTEE,0
462,Q01705,EDEVDECSPNPCQNGATCTDYLGGFSCKCVAGYHGSNCSEE,0
463,Q61602,SKLKCGQQRPSAQQPRGFGLYNNMVVHPHNLWKVGTGPAGG,0
464,Q06518,LQKELADEVFSVLHGEQGHLYVCGDVRMARDVATTLKKLVA,0
465,Q8R418,PYERQQFESVEWYNNRNQDNYVSWSDSEDDDDDEEIEEKEK,0
466,P19490,RLNAILGQIVKLEKNGIGYHYILANLGFMDIDLNKFKESGA,0
467,P22336,HSIFTNKQRYDNPTGGVYQVYNTRKSDGANSNRKNLIMISD,0
468,Q9SWW6,FPVGGGYGNGEHGLHKRVHPYPSSEAGSEGGWRERMDDWKL,0
469,P25847,LAHLDVIASFAHTSSYAPIPYIRPKLHPMDSERRTHLISSR,0
470,P09619,PLDTSSVLYTAVQPNEGDNDYIIPLPDPKPEVADEGPLEGS,0
471,Q9SCZ4,KTGPTLDHTHVSTVVKGSFGYLDPEYFRRQQLTEKSDVYSF,0
472,Q9QYK2,FDDSEDENDKLSYPWDGTQSYSLFDVSPSCSSFNSPCRDSV,0
473,Q8WZ42,RGTYRAKEIAAPELEPLHLRYGQEQWEEGDLYDKEKQQKPF,0
474,Q99315,KLKDALCNSPVLVPFNNKANYRLTTDASKDGIGAVLEEVDN,0
475,Q8WZ42,NKTPIQDTKFKTTGLDEGLEYEFKVSAENIVGIGKPSKVSE,0
476,Q9XGM3,ELEKIKDCTDEGTLVAIPIFYKLEPSTVRDLKGKFGDRFRS,0
477,P38696,DLISTFKLPDGRCIEVGNDRYRAPEILFSPQIIGLGYDGLS,0
478,P35187,QKSEIERIFFHLITIRVLQEYSIMNNSGFASSYVKVGPNAK,0
479,P98161,CVRLGPTGWCNTDLCSAPHSYVCELQPGGPVQDAENLLVGA,0
480,Q8WZ42,PLKDVTVTAGETATFDCELSYEDIPVEWYLKGKKLEPSDKV,0
481,P35555,SQHADCKNTMGSYRCLCKEGYTGDGFTCTDLDECSENLNLC,0
482,Q9BXM7,SKPGPDPLDTRRLQGFRLEEYLIGQSIGKGCSAAVYEATMP,0
483,Q15465,KLRVTEGWDEDGHHSEESLHYEGRAVDITTSDRDRSKYGML,0
484,O22476,PLLGYCKVGDERLLVYEFMKYGSLEDVLHDPKKAGVKLNWS,0
485,Q61315,MIAMGSAAALRNLMANRPAKYKDANIMSPGSSLPSLHVRKQ,0
486,P49817,WFYRLLSTIFGIPMALIWGIYFAILSFLHIWAVVPCIKSFL,0
487,P39940,VVGLGVFHRRFLDAFFVGALYKMMLRKKVVLQDMEGVDAEV,0
488,P17597,GRFVELTGIPVASTLMGLGSYPCDDELSLHMLGMHGTVYAN,0
489,P25847,HDLVDYLIDQIELRQMLTSEYLPMIPDIRRLTKKLNKRGNL,0
490,P31749,FLTALKYSFQTHDRLCFVMEYANGGELFFHLSRERVFSEDR,0
491,Q12809,VDLIVDIMFIVDILINFRTTYVNANEEVVSHPGRIAVHYFK,0
492,P07150,QEYVQAVKSYKGGPGSAVSPYPSFNPSSDVAALHKAIMVKG,0
493,Q13315,PITRLRTYEHEAMWGKALVTYDLETAIPSSTRQAGIIQALQ,0
494,P30543,HPLGVWANGSATHSGRRPNGYTLGLGGGGSAQGSPRDVELP,0
495,P14925,EGRTEATHIGGTSSDEMCNLYIMYYMEAKYALSFMTCTKNV,0
496,P39001,ENESKINISFWLNSKYRDEAYSLNESSSNNASSNTDTPTNS,0
497,Q8WZ42,EGQPARFQCRVSGTDLKVSWYSKDKKIKPSRFFRMTQFEDT,0
498,Q03957,YNNSSNTSNDIKNGYHASKYYNHKGQEGRSVIAKKVPVSVL,0
499,P97333,IAPSPVVSSGPFLFIKFVSDYETHGAGFSIRYEIFKRGPEC,0
500,P98161,LFLLVTLLASYGDASCHGHAYRLQSAIKQELHSRAFLAITR,0
501,Q9LJL3,VSGGAYGGFCDFDSHSGVFSYLSYRDPNLLKTLDIYDGTGD,0
502,Q80WE1,LRQIGASSRPPPNRTDKEKGYVTDDGQGMGRGSRPYRNRGH,0
503,Q06151,DDGFLILPDMKWDGMNLDSLYLVAIVYRTDIKTIRDLRYSD,0
504,Q99497,FGSKVTTHPLAKDKMMNGGHYTYSENRVEKDGLILTSRGPG,0
505,Q9SZJ5,PHNHTITGLAVALKQATTSEYKAYQEQVLSNSAKFAQTLME,0
506,Q00960,FQFGPSIEQQASVMLNIMEEYDWYIFSIVTTYFPGYQDFVN,0
507,P01130,WTDWGTPAKIKKGGLNGVDIYSLVTENIQWPNGITLDLLSG,0
508,P33892,ESVGFCFQYLSESLGKFFEPYVIEILPNILKNLGDAVPEVR,0
509,Q9SCZ4,APSNAYAFVNGIEVTSMPDMYSSTDGTLTMVGSSGSVTIDN,0
510,P22082,VPKMKDEEYDDDDDNSNVDYYNVAHRIKEDIKKQPSILVGG,0
511,P29476,FGCALMEMRHPNSVQEERKSYKVRFNSVSSYSDSRKSSGDG,0
512,P32266,HELIKDLVSNTAINVLNSKYYSTADQVENCIKPFKYEIDLE,0
513,P78363,VLLNKPGFGNRCLKEGWLPEYPCGNSTPWKTPSVSPNITQL,0
514,Q12809,GDVVVAILGKNDIFGEPLNLYARPGKSNGDVRALTYCDLHK,0
515,Q8LPS2,VVAALVATVTFAAGFTIPGGYISDSKKPNLGRATLATNPTL,0
516,Q8WZ42,VEVEFAEPEPERKLIIPRGTYRAKEIAAPELEPLHLRYGQE,0
517,Q13315,NSGVSEVNGMMKRDGMKIPTYKFLPLMYQLAARMGTKMMGG,0
518,Q3TKT4,ENERIEKERMRRLMAEDEEGYRKLIDQKKDKRLAYLLQQTD,0
519,Q02792,ERARNIRGEPVLLISNKNANYERFSKKLYSKENNNNNVVVK,0
520,Q8WZ42,SISVYREEEREEEEEAEVTEYEVMEEPEEYVVEEKLHIISK,0
521,Q61315,HSNTYNFTKSENSNRTCSMPYAKVEYKRSSNDSLNSVTSSD,0
522,P01137,SPPSQGEVPPGPLPEAVLALYNSTRDRVAGESAEPEPEPEA,0
523,Q3TKT4,KQDVDDEYGVSQALARGLQSYYAVAHAVTERVDKQSALMVN,0
524,P43114,SRSFLSRELREISSTSHTLLYLPDLTESSLGGKNLLPGTHG,0
525,Q63787,NHYRNESLAQYNPKLDVKLLYPVSKYQQDQVVKEDNIEAVG,0
526,P38631,PPGTPGYDSYGGQYTASQMSYGEPNSSGTSTPIYGNYDPNA,0
527,P22082,RIKEDIKKQPSILVGGTLKDYQIKGLQWMVSLFNNHLNGIL,0
528,Q8WZ42,SSAVNTTLIVYDCQKSDAGKYTITLKNVAGTKEGTISIKVV,0
529,P10275,SGSAAAGSSGTLELPSTLSLYKSGALDEAAAYQSRDYYNFP,0
530,Q9SCZ4,KRGDYQPASDATSGWLPLSLYGNSHSAGSAKTNTTGSYASS,0
531,Q00959,FLHTYGDDQRLVIGRCPSDPYKHSLPSQAVNDSYLRSSLRS,0
532,P15127,SSQIILKWKPPSDPNGNITHYLVYWERQAEDSELFELDYCL,0
533,P32561,ATPFDPITVKPSDKRRVAYFYDADVGNYAYGAGHPMKPHRI,0
534,P39940,AYFVDHNTRTTTWVDPRRQQYIRTYGPTNTTIQQQPVSQLG,0
535,P25694,LRHPQLFKAIGIKPPRGVLMYGPPGTGKTLMARAVANETGA,0
536,Q8WZ42,NDHISAHLEVPKSVRADAGIYTITLENKLGSATASINVKVI,0
537,P07949,PPISSAEMTFRRPAQAFPVSYSSSGARRPSLDSMENQVSVD,0
538,Q9S814,PNNKSGYWDPSSGGGGYGASYGRLSNESSLYSNLGSRVGVP,0
539,P19456,IGNFCICSIAIGMVIEIIVMYPIQRRKYRDGIDNLLVLLIG,0
540,O35433,LAMGWTNMLYYTRGFQQMGIYAVMIEKMILRDLCRFMFVYL,0
541,P38859,HAENILYFVNKFVSKSNYGCYTSISGTRRTQPISISNVIDI,0
542,P53563,NDHLEPWIQENGGWDTFVDLYGNNAAAESRKGQERFNRWFL,0
543,P32600,PIHTLGKYAQKCHAFAKALHYKEVEFLEEPKNSTIEALISI,0
544,Q01532,WNKEFQSDLTHQLATTVLKNYNADDALLNKTRLQKQDNRVF,0
545,P63085,NIIGINDIIRAPTIEQMKDVYIVQDLMETDLYKLLKTQHLS,0
546,Q9SZJ5,GTPALTSRGFVEEDFAKVAEYFDKAVTIALKVKSEAQGTKL,0
547,Q8WZ42,GTVTLLWDPPLIDGGSPIINYVIEKRDATKRTWSVVSHKCS,0
548,Q02792,WVLMYYYQGCASWNWFYPYHYAPLATDFHGFSHLEIKFEEG,0
549,Q8R418,TSQPCEIVVDCGPFTDRSGLYERLLMELEAALDFINDCNVA,0
550,Q94FL6,IIASKFKDKSTRQCRRRWYTYLNSDFKRGGWSPEEDMLLCE,0
551,Q9SWW6,VLIINIVGVVAGISDAINNGYQSWGPLFGKLFFSFWVIVHL,0
552,Q9JK66,SDSEAARGPEAKPTYHSFFVYCKGPCHKVQPGKLRVQCGTC,0
553,Q8WZ42,RISGLVEGTMYYFRVLPENIYGIGEPCETSDAVLVSEVPLV,0
554,P05067,SGTKTCIDTKEGILQYCQEVYPELQITNVVEANQPVTIQNW,0
555,P15442,ARYLSKNPSLISKQYRMQHVYRPPDHSRSSLEPRKFGEIDF,0
556,P35169,PDHAKHAALLIITALAENCPYLLYQYLNSILDNIWRALRDP,0
557,P00520,MKHKLGGGQYGEVYEGVWKKYSLTVAVKTLKEDTMEVEEFL,0
558,Q8WZ42,AGETATFDCELSYEDIPVEWYLKGKKLEPSDKVVPRSEGKV,0
559,P42859,GKELETQKEVVVSMLLRLIQYHQVLEMFILVLQQCHKENED,0
560,O81270,PRALQAPDREHPYGTPGHKNYGLSVLQQHVSFFDIDDNGII,0
561,Q9XGM3,SWTRHGGGKDKIELDHVFIGYTSCPHTIKCHEEGNSDECNP,0
562,P35922,GMGRGSRPYRNRGHGRRGPGYTSGTNSEASNASETESDHRD,0
563,P39688,SFGNPRGTFLIRESETTKGAYSLSIRDWDDMKGDHVKHYKI,0
564,P53632,TIREAVKQLWPDADLHVFGSYSTDLYLPGSDIDCVVTSELG,0
565,Q8WZ42,NTDSSSLLTIPQVTRNDTGKYILTIENGVGEPKSSTVSVKV,0
566,P42346,EQSARMLGHLVSNAPRLIRPYMEPILKALILKLKDPDPDPN,0
567,P00519,LWEIATYGMSPYPGIDLSQVYELLEKDYRMERPEGCPEKVY,0
568,Q8R418,AYLLQAFTHASYHYNTITDCYQRLEFLGDAILDYLITKHLY,0
569,Q38914,DVAAIKFRGTNAVTNFDITRYDVDRIMSSNTLLSGELARRN,0
570,P31414,KLTSDLGASSSGGANNGKNGYGDYLIEEEEGVNDQSVVAKC,0
571,P19524,EDIISVVKMILDATVKDKSKYQIGNTKIFFKAGMLAYLEKL,0
572,Q04002,SSLSRGVTKAIHYSIHTDEKYYYKHDHFLSLLEKLCGTGKK,0
573,Q02248,GVATYAAAVLFRMSEDKPQDYKKRLSVELTSSLFRTEPMAW,0
574,P27782,GKHPDGGLYNKGPSYSSYSGYIMMPNMNSDPYMSNGSLSPP,0
575,P53064,DIKASKLSQLKKQRARKNRHYSDNEDEDDEEDYREEDYKDD,0
576,P35922,RFPPPVGYNKDINESDEVEVYSRANEKEPCCWWLAKVRMIK,0
577,Q02792,NFIRSQRADPEYNPNTTHCIYGLDADLIFLGLATHEPHFKI,0
578,Q61602,HLFPAFHPPVPIDARHHEGRYHYDPSPIPPLHVPSALSSSP,0
579,P97887,VVVATIKSVSFYTRKDGQLIYTPFTEDTETVGQRALHSILN,0
580,P35555,ECQTKPGICENGRCLNTRGSYTCECNDGFTASPNQDECLDN,0
581,P47811,KMLVLDSDKRITAAQALAHAYFAQYHDPDDEPVADPYDQSF,0
582,Q8WZ42,KPDPVITWQKGQDLIDNNGHYQVIVTRSFTSLVFPNGVERK,0
583,P38631,KRERDHNKIVGYDDLNQLFWYPEGIAKIVLEDGTKLIELPL,0
584,P22082,ENEAGRKLSDIFLSKPSKALYPDYYMIIKYPVAFDNINTHI,0
585,Q8WZ42,RVTAINKAGPGKPSDASKAAYARDPQYPPGPPAFPKVYDTT,0
586,O35245,NGSCSIPQDLRDEIKECYDVYSVSSEDRAPFGPRNGTAWMY,0
587,Q03957,VQISHSQCKHLFKQLLLGMEYLHDNKILHRDVKGSNILIDN,0
588,Q9JLN9,VRHRINHQRYDVLICRIVKGYTLADEEEDPLIYQHRMLRSS,0
589,Q07969,TRSLKELLWGYKDPFLSLVPYPISTTVGVFYPYNNTVDGVY,0
590,P22147,WPYLRESKLVSLTDGKTIYEYQESNDKKKFGFITKPAETQD,0
591,Q8WZ42,NAHIVDTTKNSITLAWGKPIYDGGSEILGYVVEICKADEEE,0
592,P09619,ALPVPYDHQRGFSGIFEDRSYICKTTIGDREVDSDAYYVYR,0
593,O80673,LTGHKNLVQFYDAFEDDENVYIVMELCKGGELLDKILQRGG,0
594,C0LGT6,QMVFFQIALNSFSGGFPPALYNISSLESLSLADNSFSGNLR,0
595,P42346,YHVFRRISKQLPQLTSLELQYVSPKLLMCRDLELAVPGTYD,0
596,P27782,RKEQEPKRPHIKKPLNAFMLYMKEMRANVVAECTLKESAAI,0
597,P15127,LYASSNPEYLSASDVFPSSVYVPDEWEVPREKITLLRELGQ,0
598,P42859,QLGMCNREIVRRGALILFCDYVCQNLHDSEHLTWLIVNHIQ,0
599,P42345,GRLIHQLLTDIGRYHPQALIYPLTVASKSTTTARHNAANKI,0
600,P47196,TLTENRVLQNSRHPFLTALKYSFQTHDRLCFVMEYANGGEL,0
601,P38351,AEKPMTELAIRLNDKDGIAYYKPLRSKIELRRRRVNDIIKP,0
602,P42346,LLAKRQVALWTLGQLVASTGYVVEPYRKYPTLLEVLLNFLK,0
603,P38859,VIAEIIKILVSEGKRVLLTSYTHSAVDNILIKLRNTNISIM,0
604,Q925J9,PLPLNHNMRFYAALPGQQHCYFLNKDAPLPDGQSLQGTLVS,0
605,P21817,LTEPNPSAEELFRMVGEIFIYWSKSHNFKREEQNFVVQNEI,0
606,P13569,LGAINKIQDFLQKQEYKTLEYNLTTTEVVMENVTAFWEEGF,0
607,Q61315,NRLQAQKHVSFTPGDDVPRVYCVEGTPINFSTATSLSDLTI,0
608,P21802,DTTLEPEEPPTKYQISQPEVYVAAPGESLEVRCLLKDAAVI,0
609,Q8K3Z0,HSLHPTRDLQSHRPAIVRRLYNHVEAMLELAREGGFLSQYE,0
610,P32458,RWNLPIYNFPFDEDEISDEDYETNMYLRTLLPFAIIGSNEV,0
611,Q8WZ42,HVTNLVPGNEYYFRVTAVNEYGPGVPTDVPKPVLASDPLSE,0
612,Q8R418,NYVMLADTDKIKSFEEDLKTYKAIEKILRNKCSKSADGAEA,0
613,Q8R418,YQRLEFLGDAILDYLITKHLYEDPRQHSPGVLTDLRSALVN,0
614,P35222,VQRLAEPSQMLKHAVVNLINYQDDAELATRAIPELTKLLND,0
615,P21333,GDAVRDVDIIDHHDNTYTVKYTPVQQGPVGVNVTYGGDPIP,0
616,Q16665,RITELMGYEPEELLGRSIYEYYHALDSDHLTKTHHDMFTKG,0
617,P21817,KLGISILNGGNAEVQQKMLDYLKDKKEVGFFQSIQALMQTC,0
618,Q9SZJ5,QMEKSATLFRPKLIVAGASAYARLYDYARIRKVCNKQKAVM,0
619,P21802,SDKGNYTCVVENEYGSINHTYHLDVVERSPHRPILQAGLPA,0
620,P04062,QRLLLPHWAKVVLTDPEAAKYVHGIAVHWYLDFLAPAKATL,0
